-- phpMyAdmin SQL Dump
-- version 5.2.1
-- https://www.phpmyadmin.net/
--
-- Host: 127.0.0.1:3307
-- Generation Time: Dec 17, 2024 at 07:42 AM
-- Server version: 10.4.32-MariaDB
-- PHP Version: 8.2.12

SET SQL_MODE = "NO_AUTO_VALUE_ON_ZERO";
START TRANSACTION;
SET time_zone = "+00:00";


/*!40101 SET @OLD_CHARACTER_SET_CLIENT=@@CHARACTER_SET_CLIENT */;
/*!40101 SET @OLD_CHARACTER_SET_RESULTS=@@CHARACTER_SET_RESULTS */;
/*!40101 SET @OLD_COLLATION_CONNECTION=@@COLLATION_CONNECTION */;
/*!40101 SET NAMES utf8mb4 */;

--
-- Database: `db_ngemil`
--

-- --------------------------------------------------------

--
-- Table structure for table `admin`
--

CREATE TABLE `admin` (
  `id_admin` int(11) NOT NULL,
  `username` varchar(100) NOT NULL,
  `password` varchar(100) NOT NULL,
  `nama_lengkap` varchar(100) NOT NULL
) ENGINE=InnoDB DEFAULT CHARSET=latin1 COLLATE=latin1_swedish_ci;

--
-- Dumping data for table `admin`
--

INSERT INTO `admin` (`id_admin`, `username`, `password`, `nama_lengkap`) VALUES
(1, 'admin', 'admin', 'administrator');

-- --------------------------------------------------------

--
-- Table structure for table `kategori`
--

CREATE TABLE `kategori` (
  `id_kategori` int(11) NOT NULL,
  `nama_kategori` varchar(255) NOT NULL
) ENGINE=InnoDB DEFAULT CHARSET=utf8mb4 COLLATE=utf8mb4_general_ci;

--
-- Dumping data for table `kategori`
--

INSERT INTO `kategori` (`id_kategori`, `nama_kategori`) VALUES
(9, 'Makanan'),
(11, 'Minuman');

-- --------------------------------------------------------

--
-- Table structure for table `ongkir`
--

CREATE TABLE `ongkir` (
  `id_ongkir` int(11) NOT NULL,
  `nama_kota` varchar(100) NOT NULL,
  `tarif` int(11) NOT NULL
) ENGINE=InnoDB DEFAULT CHARSET=latin1 COLLATE=latin1_swedish_ci;

--
-- Dumping data for table `ongkir`
--

INSERT INTO `ongkir` (`id_ongkir`, `nama_kota`, `tarif`) VALUES
(1, 'Demak', 20000),
(2, 'Cirebon', 30000);

-- --------------------------------------------------------

--
-- Table structure for table `pelanggan`
--

CREATE TABLE `pelanggan` (
  `id_pelanggan` int(11) NOT NULL,
  `email_pelanggan` varchar(100) NOT NULL,
  `password_pelanggan` varchar(50) NOT NULL,
  `nama_pelanggan` varchar(100) NOT NULL,
  `telepon_pelanggan` varchar(100) NOT NULL,
  `alamat_pelanggan` text NOT NULL
) ENGINE=InnoDB DEFAULT CHARSET=latin1 COLLATE=latin1_swedish_ci;

--
-- Dumping data for table `pelanggan`
--

INSERT INTO `pelanggan` (`id_pelanggan`, `email_pelanggan`, `password_pelanggan`, `nama_pelanggan`, `telepon_pelanggan`, `alamat_pelanggan`) VALUES
(6, 'derop@gmail.com', '124', 'derop', '123', 'jl perum'),
(7, 'sastra@gmail.com', '123', 'sastra', '12312312', 'asd');

-- --------------------------------------------------------

--
-- Table structure for table `pembayaran`
--

CREATE TABLE `pembayaran` (
  `id_pembayaran` int(11) NOT NULL,
  `id_pembelian` int(11) NOT NULL,
  `nama` varchar(255) NOT NULL,
  `bank` varchar(255) NOT NULL,
  `jumlah` int(11) NOT NULL,
  `tanggal` date NOT NULL,
  `bukti` varchar(255) NOT NULL
) ENGINE=InnoDB DEFAULT CHARSET=latin1 COLLATE=latin1_swedish_ci;

--
-- Dumping data for table `pembayaran`
--

INSERT INTO `pembayaran` (`id_pembayaran`, `id_pembelian`, `nama`, `bank`, `jumlah`, `tanggal`, `bukti`) VALUES
(10, 31, 'asdasd', 'asdasd', 123123123, '2024-12-15', '20241215115027ranger.png');

-- --------------------------------------------------------

--
-- Table structure for table `pembelian`
--

CREATE TABLE `pembelian` (
  `id_pembelian` int(11) NOT NULL,
  `id_pelanggan` int(11) NOT NULL,
  `tanggal_pembelian` date NOT NULL,
  `total_pembelian` int(11) NOT NULL,
  `alamat_pengiriman` text NOT NULL,
  `status_pembelian` varchar(100) NOT NULL DEFAULT 'pending',
  `resi_pengiriman` varchar(50) NOT NULL,
  `totalberat` int(11) NOT NULL,
  `provinsi` varchar(255) NOT NULL,
  `distrik` varchar(255) NOT NULL,
  `tipe` varchar(255) NOT NULL,
  `kodepos` varchar(255) NOT NULL,
  `ekspedisi` varchar(255) NOT NULL,
  `paket` varchar(255) NOT NULL,
  `ongkir` int(11) NOT NULL,
  `estimasi` varchar(255) NOT NULL
) ENGINE=InnoDB DEFAULT CHARSET=latin1 COLLATE=latin1_swedish_ci;

--
-- Dumping data for table `pembelian`
--

INSERT INTO `pembelian` (`id_pembelian`, `id_pelanggan`, `tanggal_pembelian`, `total_pembelian`, `alamat_pengiriman`, `status_pembelian`, `resi_pengiriman`, `totalberat`, `provinsi`, `distrik`, `tipe`, `kodepos`, `ekspedisi`, `paket`, `ongkir`, `estimasi`) VALUES
(110, 6, '2024-12-16', 36000, 'asd', 'completed', 'asd', 1000, 'Lampung', 'Bandar Lampung', 'Kota', '35139', 'tiki', 'REG', 16000, '2'),
(112, 6, '2024-12-17', 37000, 'asdasd', 'completed', 'asdasdasd', 1000, 'Jawa Tengah', 'Kudus', 'Kabupaten', '59311', 'tiki', 'REG', 17000, '2'),
(113, 6, '2024-12-17', 32000, 'asd', 'barang dikirim', 'asdasdasd', 1000, 'Jawa Barat', 'Garut', 'Kabupaten', '44126', 'jne', 'CTC', 7000, '2-3'),
(114, 6, '2024-12-17', 87000, 'asdasd', 'pending', '', 2000, 'Jawa Tengah', 'Jepara', 'Kabupaten', '59419', 'jne', 'REG', 42000, '2-3');

-- --------------------------------------------------------

--
-- Table structure for table `pembelian_produk`
--

CREATE TABLE `pembelian_produk` (
  `id_pembelian_produk` int(11) NOT NULL,
  `id_pembelian` int(11) NOT NULL,
  `id_produk` int(11) NOT NULL,
  `jumlah` int(11) NOT NULL,
  `nama` varchar(100) NOT NULL,
  `harga` int(11) NOT NULL,
  `berat` int(11) NOT NULL,
  `subberat` int(11) NOT NULL,
  `subharga` int(11) NOT NULL
) ENGINE=InnoDB DEFAULT CHARSET=latin1 COLLATE=latin1_swedish_ci;

--
-- Dumping data for table `pembelian_produk`
--

INSERT INTO `pembelian_produk` (`id_pembelian_produk`, `id_pembelian`, `id_produk`, `jumlah`, `nama`, `harga`, `berat`, `subberat`, `subharga`) VALUES
(139, 110, 12, 1, 'Basreng 1kg', 20000, 1000, 1000, 20000),
(142, 112, 12, 1, 'Basreng 1kg', 20000, 1000, 1000, 20000),
(143, 113, 13, 1, 'Cireng Kering 1kg Pedas', 25000, 1000, 1000, 25000),
(144, 114, 13, 1, 'Cireng Kering 1kg Pedas', 25000, 1000, 1000, 25000),
(145, 114, 17, 1, 'Keripik Singkong 1kg', 20000, 1000, 1000, 20000);

-- --------------------------------------------------------

--
-- Table structure for table `produk`
--

CREATE TABLE `produk` (
  `id_produk` int(11) NOT NULL,
  `id_kategori` int(5) NOT NULL,
  `nama_produk` varchar(100) NOT NULL,
  `harga_produk` int(11) NOT NULL,
  `berat_produk` int(11) NOT NULL,
  `foto_produk` varchar(100) NOT NULL,
  `deskripsi_produk` text NOT NULL,
  `stok_produk` int(5) NOT NULL
) ENGINE=InnoDB DEFAULT CHARSET=latin1 COLLATE=latin1_swedish_ci;

--
-- Dumping data for table `produk`
--

INSERT INTO `produk` (`id_produk`, `id_kategori`, `nama_produk`, `harga_produk`, `berat_produk`, `foto_produk`, `deskripsi_produk`, `stok_produk`) VALUES
(13, 9, 'Cireng Kering 1kg Pedas', 25000, 1000, 'cireng-1kg.jpeg', '          Cireng Kering berat isi 1kg Pedas        ', 10),
(14, 8, 'Greentea 250ml', 20000, 250, 'greentea.jpg', 'Greentea 1 botol isi 250ml', 25),
(15, 9, 'Cuanki lidah 1kg', 25000, 1000, 'cuanki-lidah-1kg.jpg', 'Cuanki Lidah isi 1kg', 19),
(17, 9, 'Keripik Singkong 1kg', 20000, 1000, 'keripik-singkong-1kg.jpg', 'Keripik Singkong isi 1kg', 23),
(18, 11, 'Thai Tea 250ml', 20000, 250, 'thai-tea.jpg', '          Thai Tea isi 250ml        ', 25),
(19, 11, 'Greentea 250ml', 12000, 250, 'greentea.jpg', 'asdasdasd', 20),
(20, 0, 'derop', 12000, 230, 'class.jpg', 'asdasd', 12);

-- --------------------------------------------------------

--
-- Table structure for table `produk_foto`
--

CREATE TABLE `produk_foto` (
  `id_produk_foto` int(11) NOT NULL,
  `id_produk` int(11) NOT NULL,
  `nama_produk_foto` varchar(255) NOT NULL
) ENGINE=InnoDB DEFAULT CHARSET=latin1 COLLATE=latin1_swedish_ci;

--
-- Dumping data for table `produk_foto`
--

INSERT INTO `produk_foto` (`id_produk_foto`, `id_produk`, `nama_produk_foto`) VALUES
(7, 7, 'images.jpeg'),
(8, 8, 'images.jpeg'),
(9, 9, 'images.jpeg'),
(10, 10, 'home.png'),
(11, 11, 'component.png'),
(12, 12, 'basreng-1kg.jpg'),
(13, 13, 'cireng-1kg.jpeg'),
(14, 14, 'greentea.jpg'),
(15, 15, 'cuanki-lidah-1kg.jpg'),
(16, 16, 'siomay-1kg.png'),
(17, 17, 'keripik-singkong-1kg.jpg'),
(18, 18, 'thai-tea.jpg'),
(19, 19, 'greentea.jpg'),
(20, 20, 'class.jpg');

--
-- Indexes for dumped tables
--

--
-- Indexes for table `admin`
--
ALTER TABLE `admin`
  ADD PRIMARY KEY (`id_admin`);

--
-- Indexes for table `kategori`
--
ALTER TABLE `kategori`
  ADD PRIMARY KEY (`id_kategori`);

--
-- Indexes for table `ongkir`
--
ALTER TABLE `ongkir`
  ADD PRIMARY KEY (`id_ongkir`);

--
-- Indexes for table `pelanggan`
--
ALTER TABLE `pelanggan`
  ADD PRIMARY KEY (`id_pelanggan`);

--
-- Indexes for table `pembayaran`
--
ALTER TABLE `pembayaran`
  ADD PRIMARY KEY (`id_pembayaran`);

--
-- Indexes for table `pembelian`
--
ALTER TABLE `pembelian`
  ADD PRIMARY KEY (`id_pembelian`);

--
-- Indexes for table `pembelian_produk`
--
ALTER TABLE `pembelian_produk`
  ADD PRIMARY KEY (`id_pembelian_produk`);

--
-- Indexes for table `produk`
--
ALTER TABLE `produk`
  ADD PRIMARY KEY (`id_produk`);

--
-- Indexes for table `produk_foto`
--
ALTER TABLE `produk_foto`
  ADD PRIMARY KEY (`id_produk_foto`);

--
-- AUTO_INCREMENT for dumped tables
--

--
-- AUTO_INCREMENT for table `admin`
--
ALTER TABLE `admin`
  MODIFY `id_admin` int(11) NOT NULL AUTO_INCREMENT, AUTO_INCREMENT=2;

--
-- AUTO_INCREMENT for table `kategori`
--
ALTER TABLE `kategori`
  MODIFY `id_kategori` int(11) NOT NULL AUTO_INCREMENT, AUTO_INCREMENT=12;

--
-- AUTO_INCREMENT for table `ongkir`
--
ALTER TABLE `ongkir`
  MODIFY `id_ongkir` int(11) NOT NULL AUTO_INCREMENT, AUTO_INCREMENT=3;

--
-- AUTO_INCREMENT for table `pelanggan`
--
ALTER TABLE `pelanggan`
  MODIFY `id_pelanggan` int(11) NOT NULL AUTO_INCREMENT, AUTO_INCREMENT=8;

--
-- AUTO_INCREMENT for table `pembayaran`
--
ALTER TABLE `pembayaran`
  MODIFY `id_pembayaran` int(11) NOT NULL AUTO_INCREMENT, AUTO_INCREMENT=11;

--
-- AUTO_INCREMENT for table `pembelian`
--
ALTER TABLE `pembelian`
  MODIFY `id_pembelian` int(11) NOT NULL AUTO_INCREMENT, AUTO_INCREMENT=115;

--
-- AUTO_INCREMENT for table `pembelian_produk`
--
ALTER TABLE `pembelian_produk`
  MODIFY `id_pembelian_produk` int(11) NOT NULL AUTO_INCREMENT, AUTO_INCREMENT=146;

--
-- AUTO_INCREMENT for table `produk`
--
ALTER TABLE `produk`
  MODIFY `id_produk` int(11) NOT NULL AUTO_INCREMENT, AUTO_INCREMENT=21;

--
-- AUTO_INCREMENT for table `produk_foto`
--
ALTER TABLE `produk_foto`
  MODIFY `id_produk_foto` int(11) NOT NULL AUTO_INCREMENT, AUTO_INCREMENT=21;
COMMIT;

/*!40101 SET CHARACTER_SET_CLIENT=@OLD_CHARACTER_SET_CLIENT */;
/*!40101 SET CHARACTER_SET_RESULTS=@OLD_CHARACTER_SET_RESULTS */;
/*!40101 SET COLLATION_CONNECTION=@OLD_COLLATION_CONNECTION */;
